#SampleID	BarcodeSequence	BiocrustType	BiogeographicalRegion	Carbonate	Clay	Conductivity	DayCollected	Density	Description	Elevation	Gypsum	LinkerPrimerSequence	MeanAnnualPrecipitation	MeanAnnualTemp	MeanSummerTemp	MeanWinterTemp	OrganicMatter	PrecipitationBimodalityIndex	ReversePrimer	Sand	SoilOrder	Treatment	biome	collection_date	collection_time	collection_timezone	continent	country	crust_or_below	depth	elevation	feature	latitude	location	longitude	material	mgrast_id	ph	samp_collect_device	samp_size	sample_name	site	soil_type	study	temperature
G1F7	TCAGAGACAC	NA	NA	NA	NA	NA	2.0	1.7659912	gradient1	NA	NA	CAGGACTACHVGGGTWTCTAAT	NA	NA	NA	NA	NA	NA	NA	NA	NA	control	NA	NA	NA	NA	NA	NA	NA	NA	NA	NA	NA	NA	NA	NA	NA	NA	NA	NA	NA	NA	NA	NSIP	NA
G1F8	TCAGACAGAC	NA	NA	NA	NA	NA	2.0	1.7627131	gradient1	NA	NA	CAGGACTACHVGGGTWTCTAAT	NA	NA	NA	NA	NA	NA	NA	NA	NA	control	NA	NA	NA	NA	NA	NA	NA	NA	NA	NA	NA	NA	NA	NA	NA	NA	NA	NA	NA	NA	NA	NSIP	NA
G1F9	TCACTCCTCA	NA	NA	NA	NA	NA	2.0	1.7539715	gradient1	NA	NA	CAGGACTACHVGGGTWTCTAAT	NA	NA	NA	NA	NA	NA	NA	NA	NA	control	NA	NA	NA	NA	NA	NA	NA	NA	NA	NA	NA	NA	NA	NA	NA	NA	NA	NA	NA	NA	NA	NSIP	NA
G1F10	TCAGACGAGT	NA	NA	NA	NA	NA	2.0	1.7485080000000002	gradient1	NA	NA	CAGGACTACHVGGGTWTCTAAT	NA	NA	NA	NA	NA	NA	NA	NA	NA	control	NA	NA	NA	NA	NA	NA	NA	NA	NA	NA	NA	NA	NA	NA	NA	NA	NA	NA	NA	NA	NA	NSIP	NA
G1F11	TCAGAGACTG	NA	NA	NA	NA	NA	2.0	1.7419518	gradient1	NA	NA	CAGGACTACHVGGGTWTCTAAT	NA	NA	NA	NA	NA	NA	NA	NA	NA	control	NA	NA	NA	NA	NA	NA	NA	NA	NA	NA	NA	NA	NA	NA	NA	NA	NA	NA	NA	NA	NA	NSIP	NA
G1F12	TCACTGTCTC	NA	NA	NA	NA	NA	2.0	1.7364883000000002	gradient1	NA	NA	CAGGACTACHVGGGTWTCTAAT	NA	NA	NA	NA	NA	NA	NA	NA	NA	control	NA	NA	NA	NA	NA	NA	NA	NA	NA	NA	NA	NA	NA	NA	NA	NA	NA	NA	NA	NA	NA	NSIP	NA
G1F13	TCACTGAGAG	NA	NA	NA	NA	NA	2.0	1.7299321	gradient1	NA	NA	CAGGACTACHVGGGTWTCTAAT	NA	NA	NA	NA	NA	NA	NA	NA	NA	control	NA	NA	NA	NA	NA	NA	NA	NA	NA	NA	NA	NA	NA	NA	NA	NA	NA	NA	NA	NA	NA	NSIP	NA
G1F14	TCAGAGAGAG	NA	NA	NA	NA	NA	2.0	1.7244686000000002	gradient1	NA	NA	CAGGACTACHVGGGTWTCTAAT	NA	NA	NA	NA	NA	NA	NA	NA	NA	control	NA	NA	NA	NA	NA	NA	NA	NA	NA	NA	NA	NA	NA	NA	NA	NA	NA	NA	NA	NA	NA	NSIP	NA
G1F15	TCACGATCCA	NA	NA	NA	NA	NA	2.0	1.7200978	gradient1	NA	NA	CAGGACTACHVGGGTWTCTAAT	NA	NA	NA	NA	NA	NA	NA	NA	NA	control	NA	NA	NA	NA	NA	NA	NA	NA	NA	NA	NA	NA	NA	NA	NA	NA	NA	NA	NA	NA	NA	NSIP	NA
G1F16	TCACGAAGGT	NA	NA	NA	NA	NA	2.0	1.7146343000000002	gradient1	NA	NA	CAGGACTACHVGGGTWTCTAAT	NA	NA	NA	NA	NA	NA	NA	NA	NA	control	NA	NA	NA	NA	NA	NA	NA	NA	NA	NA	NA	NA	NA	NA	NA	NA	NA	NA	NA	NA	NA	NSIP	NA
G1F17	TCACGACAAG	NA	NA	NA	NA	NA	2.0	1.7091707999999999	gradient1	NA	NA	CAGGACTACHVGGGTWTCTAAT	NA	NA	NA	NA	NA	NA	NA	NA	NA	control	NA	NA	NA	NA	NA	NA	NA	NA	NA	NA	NA	NA	NA	NA	NA	NA	NA	NA	NA	NA	NA	NSIP	NA
G1F18	TCACGAGAAC	NA	NA	NA	NA	NA	2.0	1.7026146	gradient1	NA	NA	CAGGACTACHVGGGTWTCTAAT	NA	NA	NA	NA	NA	NA	NA	NA	NA	control	NA	NA	NA	NA	NA	NA	NA	NA	NA	NA	NA	NA	NA	NA	NA	NA	NA	NA	NA	NA	NA	NSIP	NA
G1F19	TCACGAGATG	NA	NA	NA	NA	NA	2.0	1.6982438000000002	gradient1	NA	NA	CAGGACTACHVGGGTWTCTAAT	NA	NA	NA	NA	NA	NA	NA	NA	NA	control	NA	NA	NA	NA	NA	NA	NA	NA	NA	NA	NA	NA	NA	NA	NA	NA	NA	NA	NA	NA	NA	NSIP	NA
G1F20	TCACGATCGT	NA	NA	NA	NA	NA	2.0	1.693873	gradient1	NA	NA	CAGGACTACHVGGGTWTCTAAT	NA	NA	NA	NA	NA	NA	NA	NA	NA	control	NA	NA	NA	NA	NA	NA	NA	NA	NA	NA	NA	NA	NA	NA	NA	NA	NA	NA	NA	NA	NA	NSIP	NA
G1F21	TCACGTCAAC	NA	NA	NA	NA	NA	2.0	1.6905949	gradient1	NA	NA	CAGGACTACHVGGGTWTCTAAT	NA	NA	NA	NA	NA	NA	NA	NA	NA	control	NA	NA	NA	NA	NA	NA	NA	NA	NA	NA	NA	NA	NA	NA	NA	NA	NA	NA	NA	NA	NA	NSIP	NA
G1F22	TCAGACTGTC	NA	NA	NA	NA	NA	2.0	1.6840386999999999	gradient1	NA	NA	CAGGACTACHVGGGTWTCTAAT	NA	NA	NA	NA	NA	NA	NA	NA	NA	control	NA	NA	NA	NA	NA	NA	NA	NA	NA	NA	NA	NA	NA	NA	NA	NA	NA	NA	NA	NA	NA	NSIP	NA
G1F23	TCACTCTCTG	NA	NA	NA	NA	NA	2.0	1.6774825	gradient1	NA	NA	CAGGACTACHVGGGTWTCTAAT	NA	NA	NA	NA	NA	NA	NA	NA	NA	control	NA	NA	NA	NA	NA	NA	NA	NA	NA	NA	NA	NA	NA	NA	NA	NA	NA	NA	NA	NA	NA	NSIP	NA
G1F24	TCACGTCTTC	NA	NA	NA	NA	NA	2.0	1.6742043999999998	gradient1	NA	NA	CAGGACTACHVGGGTWTCTAAT	NA	NA	NA	NA	NA	NA	NA	NA	NA	control	NA	NA	NA	NA	NA	NA	NA	NA	NA	NA	NA	NA	NA	NA	NA	NA	NA	NA	NA	NA	NA	NSIP	NA
G1F25	TCACGTTGGT	NA	NA	NA	NA	NA	2.0	1.6709262999999999	gradient1	NA	NA	CAGGACTACHVGGGTWTCTAAT	NA	NA	NA	NA	NA	NA	NA	NA	NA	control	NA	NA	NA	NA	NA	NA	NA	NA	NA	NA	NA	NA	NA	NA	NA	NA	NA	NA	NA	NA	NA	NSIP	NA
G1F26	TCACTCCTGT	NA	NA	NA	NA	NA	2.0	1.6643701000000002	gradient1	NA	NA	CAGGACTACHVGGGTWTCTAAT	NA	NA	NA	NA	NA	NA	NA	NA	NA	control	NA	NA	NA	NA	NA	NA	NA	NA	NA	NA	NA	NA	NA	NA	NA	NA	NA	NA	NA	NA	NA	NSIP	NA
G2F7	TCAGACGTCT	NA	NA	NA	NA	NA	2.0	1.7659912	gradient2	NA	NA	CAGGACTACHVGGGTWTCTAAT	NA	NA	NA	NA	NA	NA	NA	NA	NA	label	NA	NA	NA	NA	NA	NA	NA	NA	NA	NA	NA	NA	NA	NA	NA	NA	NA	NA	NA	NA	NA	NSIP	NA
G2F8	TCAGACAGTG	NA	NA	NA	NA	NA	2.0	1.7616203999999998	gradient2	NA	NA	CAGGACTACHVGGGTWTCTAAT	NA	NA	NA	NA	NA	NA	NA	NA	NA	label	NA	NA	NA	NA	NA	NA	NA	NA	NA	NA	NA	NA	NA	NA	NA	NA	NA	NA	NA	NA	NA	NSIP	NA
G2F9	TCAGAGTGTG	NA	NA	NA	NA	NA	2.0	1.7561569	gradient2	NA	NA	CAGGACTACHVGGGTWTCTAAT	NA	NA	NA	NA	NA	NA	NA	NA	NA	label	NA	NA	NA	NA	NA	NA	NA	NA	NA	NA	NA	NA	NA	NA	NA	NA	NA	NA	NA	NA	NA	NSIP	NA
G2F10	TCACTGTGAC	NA	NA	NA	NA	NA	2.0	1.7506933999999998	gradient2	NA	NA	CAGGACTACHVGGGTWTCTAAT	NA	NA	NA	NA	NA	NA	NA	NA	NA	label	NA	NA	NA	NA	NA	NA	NA	NA	NA	NA	NA	NA	NA	NA	NA	NA	NA	NA	NA	NA	NA	NSIP	NA
G2F11	TCACTGTGTG	NA	NA	NA	NA	NA	2.0	1.7463226000000003	gradient2	NA	NA	CAGGACTACHVGGGTWTCTAAT	NA	NA	NA	NA	NA	NA	NA	NA	NA	label	NA	NA	NA	NA	NA	NA	NA	NA	NA	NA	NA	NA	NA	NA	NA	NA	NA	NA	NA	NA	NA	NSIP	NA
G2F12	TCAGACCACT	NA	NA	NA	NA	NA	2.0	1.7430444999999999	gradient2	NA	NA	CAGGACTACHVGGGTWTCTAAT	NA	NA	NA	NA	NA	NA	NA	NA	NA	label	NA	NA	NA	NA	NA	NA	NA	NA	NA	NA	NA	NA	NA	NA	NA	NA	NA	NA	NA	NA	NA	NSIP	NA
G2F13	TCAGACGTGA	NA	NA	NA	NA	NA	2.0	1.7397664000000002	gradient2	NA	NA	CAGGACTACHVGGGTWTCTAAT	NA	NA	NA	NA	NA	NA	NA	NA	NA	label	NA	NA	NA	NA	NA	NA	NA	NA	NA	NA	NA	NA	NA	NA	NA	NA	NA	NA	NA	NA	NA	NSIP	NA
G2F14	TCAGAGCAGT	NA	NA	NA	NA	NA	2.0	1.7353956000000001	gradient2	NA	NA	CAGGACTACHVGGGTWTCTAAT	NA	NA	NA	NA	NA	NA	NA	NA	NA	label	NA	NA	NA	NA	NA	NA	NA	NA	NA	NA	NA	NA	NA	NA	NA	NA	NA	NA	NA	NA	NA	NSIP	NA
G2F15	TCACTCGTCT	NA	NA	NA	NA	NA	2.0	1.7310248	gradient2	NA	NA	CAGGACTACHVGGGTWTCTAAT	NA	NA	NA	NA	NA	NA	NA	NA	NA	label	NA	NA	NA	NA	NA	NA	NA	NA	NA	NA	NA	NA	NA	NA	NA	NA	NA	NA	NA	NA	NA	NSIP	NA
G2F16	TCACTCGTGA	NA	NA	NA	NA	NA	2.0	1.7255613	gradient2	NA	NA	CAGGACTACHVGGGTWTCTAAT	NA	NA	NA	NA	NA	NA	NA	NA	NA	label	NA	NA	NA	NA	NA	NA	NA	NA	NA	NA	NA	NA	NA	NA	NA	NA	NA	NA	NA	NA	NA	NSIP	NA
G2F17	TCACGTGTTG	NA	NA	NA	NA	NA	2.0	1.7222832	gradient2	NA	NA	CAGGACTACHVGGGTWTCTAAT	NA	NA	NA	NA	NA	NA	NA	NA	NA	label	NA	NA	NA	NA	NA	NA	NA	NA	NA	NA	NA	NA	NA	NA	NA	NA	NA	NA	NA	NA	NA	NSIP	NA
G2F18	TCACGTAGCT	NA	NA	NA	NA	NA	2.0	1.7190051	gradient2	NA	NA	CAGGACTACHVGGGTWTCTAAT	NA	NA	NA	NA	NA	NA	NA	NA	NA	label	NA	NA	NA	NA	NA	NA	NA	NA	NA	NA	NA	NA	NA	NA	NA	NA	NA	NA	NA	NA	NA	NSIP	NA
G2F19	TCACGTACCA	NA	NA	NA	NA	NA	2.0	1.7135416	gradient2	NA	NA	CAGGACTACHVGGGTWTCTAAT	NA	NA	NA	NA	NA	NA	NA	NA	NA	label	NA	NA	NA	NA	NA	NA	NA	NA	NA	NA	NA	NA	NA	NA	NA	NA	NA	NA	NA	NA	NA	NSIP	NA
G2F20	TCACGTCATG	NA	NA	NA	NA	NA	2.0	1.7102635	gradient2	NA	NA	CAGGACTACHVGGGTWTCTAAT	NA	NA	NA	NA	NA	NA	NA	NA	NA	label	NA	NA	NA	NA	NA	NA	NA	NA	NA	NA	NA	NA	NA	NA	NA	NA	NA	NA	NA	NA	NA	NSIP	NA
G2F21	TCAGACCAGA	NA	NA	NA	NA	NA	2.0	1.7080781000000003	gradient2	NA	NA	CAGGACTACHVGGGTWTCTAAT	NA	NA	NA	NA	NA	NA	NA	NA	NA	label	NA	NA	NA	NA	NA	NA	NA	NA	NA	NA	NA	NA	NA	NA	NA	NA	NA	NA	NA	NA	NA	NSIP	NA
G2F22	TCACGTTCCT	NA	NA	NA	NA	NA	2.0	1.7037073	gradient2	NA	NA	CAGGACTACHVGGGTWTCTAAT	NA	NA	NA	NA	NA	NA	NA	NA	NA	label	NA	NA	NA	NA	NA	NA	NA	NA	NA	NA	NA	NA	NA	NA	NA	NA	NA	NA	NA	NA	NA	NSIP	NA
G2F23	TCACGTCTAG	NA	NA	NA	NA	NA	2.0	1.7004292	gradient2	NA	NA	CAGGACTACHVGGGTWTCTAAT	NA	NA	NA	NA	NA	NA	NA	NA	NA	label	NA	NA	NA	NA	NA	NA	NA	NA	NA	NA	NA	NA	NA	NA	NA	NA	NA	NA	NA	NA	NA	NSIP	NA
G2F24	TCACTCAGTG	NA	NA	NA	NA	NA	2.0	1.6960583999999999	gradient2	NA	NA	CAGGACTACHVGGGTWTCTAAT	NA	NA	NA	NA	NA	NA	NA	NA	NA	label	NA	NA	NA	NA	NA	NA	NA	NA	NA	NA	NA	NA	NA	NA	NA	NA	NA	NA	NA	NA	NA	NSIP	NA
G2F25	TCACTCTGTC	NA	NA	NA	NA	NA	2.0	1.6927803	gradient2	NA	NA	CAGGACTACHVGGGTWTCTAAT	NA	NA	NA	NA	NA	NA	NA	NA	NA	label	NA	NA	NA	NA	NA	NA	NA	NA	NA	NA	NA	NA	NA	NA	NA	NA	NA	NA	NA	NA	NA	NSIP	NA
G2F26	TCACTGACAC	NA	NA	NA	NA	NA	2.0	1.6884095000000001	gradient2	NA	NA	CAGGACTACHVGGGTWTCTAAT	NA	NA	NA	NA	NA	NA	NA	NA	NA	label	NA	NA	NA	NA	NA	NA	NA	NA	NA	NA	NA	NA	NA	NA	NA	NA	NA	NA	NA	NA	NA	NSIP	NA
G2F27	TCACTGCACA	NA	NA	NA	NA	NA	2.0	1.6862241000000002	gradient2	NA	NA	CAGGACTACHVGGGTWTCTAAT	NA	NA	NA	NA	NA	NA	NA	NA	NA	label	NA	NA	NA	NA	NA	NA	NA	NA	NA	NA	NA	NA	NA	NA	NA	NA	NA	NA	NA	NA	NA	NSIP	NA
G2F28	TCAGACCTCA	NA	NA	NA	NA	NA	2.0	1.6807606	gradient2	NA	NA	CAGGACTACHVGGGTWTCTAAT	NA	NA	NA	NA	NA	NA	NA	NA	NA	label	NA	NA	NA	NA	NA	NA	NA	NA	NA	NA	NA	NA	NA	NA	NA	NA	NA	NA	NA	NA	NA	NSIP	NA
G2F29	TCAGACCTGT	NA	NA	NA	NA	NA	2.0	1.6763898000000002	gradient2	NA	NA	CAGGACTACHVGGGTWTCTAAT	NA	NA	NA	NA	NA	NA	NA	NA	NA	label	NA	NA	NA	NA	NA	NA	NA	NA	NA	NA	NA	NA	NA	NA	NA	NA	NA	NA	NA	NA	NA	NSIP	NA
G2F30	TCAGACGACA	NA	NA	NA	NA	NA	2.0	1.6731116999999998	gradient2	NA	NA	CAGGACTACHVGGGTWTCTAAT	NA	NA	NA	NA	NA	NA	NA	NA	NA	label	NA	NA	NA	NA	NA	NA	NA	NA	NA	NA	NA	NA	NA	NA	NA	NA	NA	NA	NA	NA	NA	NSIP	NA
G2F31	TCAGACTCAC	NA	NA	NA	NA	NA	2.0	1.6687409	gradient2	NA	NA	CAGGACTACHVGGGTWTCTAAT	NA	NA	NA	NA	NA	NA	NA	NA	NA	label	NA	NA	NA	NA	NA	NA	NA	NA	NA	NA	NA	NA	NA	NA	NA	NA	NA	NA	NA	NA	NA	NSIP	NA
G2F32	TCAGAGCTCT	NA	NA	NA	NA	NA	2.0	1.6654628	gradient2	NA	NA	CAGGACTACHVGGGTWTCTAAT	NA	NA	NA	NA	NA	NA	NA	NA	NA	label	NA	NA	NA	NA	NA	NA	NA	NA	NA	NA	NA	NA	NA	NA	NA	NA	NA	NA	NA	NA	NA	NSIP	NA
G3F3	TCAGACACTC	NA	NA	NA	NA	NA	4.0	1.7670839	gradient3	NA	NA	CAGGACTACHVGGGTWTCTAAT	NA	NA	NA	NA	NA	NA	NA	NA	NA	control	NA	NA	NA	NA	NA	NA	NA	NA	NA	NA	NA	NA	NA	NA	NA	NA	NA	NA	NA	NA	NA	NSIP	NA
G3F4	TCACTCACAG	NA	NA	NA	NA	NA	4.0	1.7627131	gradient3	NA	NA	CAGGACTACHVGGGTWTCTAAT	NA	NA	NA	NA	NA	NA	NA	NA	NA	control	NA	NA	NA	NA	NA	NA	NA	NA	NA	NA	NA	NA	NA	NA	NA	NA	NA	NA	NA	NA	NA	NSIP	NA
G3F5	TCACTCTGAG	NA	NA	NA	NA	NA	4.0	1.7572496	gradient3	NA	NA	CAGGACTACHVGGGTWTCTAAT	NA	NA	NA	NA	NA	NA	NA	NA	NA	control	NA	NA	NA	NA	NA	NA	NA	NA	NA	NA	NA	NA	NA	NA	NA	NA	NA	NA	NA	NA	NA	NSIP	NA
G3F6	TCAGAGAGTC	NA	NA	NA	NA	NA	4.0	1.7528788	gradient3	NA	NA	CAGGACTACHVGGGTWTCTAAT	NA	NA	NA	NA	NA	NA	NA	NA	NA	control	NA	NA	NA	NA	NA	NA	NA	NA	NA	NA	NA	NA	NA	NA	NA	NA	NA	NA	NA	NA	NA	NSIP	NA
G3F7	TCAGAGCACA	NA	NA	NA	NA	NA	4.0	1.7485080000000002	gradient3	NA	NA	CAGGACTACHVGGGTWTCTAAT	NA	NA	NA	NA	NA	NA	NA	NA	NA	control	NA	NA	NA	NA	NA	NA	NA	NA	NA	NA	NA	NA	NA	NA	NA	NA	NA	NA	NA	NA	NA	NSIP	NA
G3F8	TCACTCACTC	NA	NA	NA	NA	NA	4.0	1.7430444999999999	gradient3	NA	NA	CAGGACTACHVGGGTWTCTAAT	NA	NA	NA	NA	NA	NA	NA	NA	NA	control	NA	NA	NA	NA	NA	NA	NA	NA	NA	NA	NA	NA	NA	NA	NA	NA	NA	NA	NA	NA	NA	NSIP	NA
G3F9	TCACGTGAAG	NA	NA	NA	NA	NA	4.0	1.7364883000000002	gradient3	NA	NA	CAGGACTACHVGGGTWTCTAAT	NA	NA	NA	NA	NA	NA	NA	NA	NA	control	NA	NA	NA	NA	NA	NA	NA	NA	NA	NA	NA	NA	NA	NA	NA	NA	NA	NA	NA	NA	NA	NSIP	NA
G3F10	TCACGTACGT	NA	NA	NA	NA	NA	4.0	1.7321175	gradient3	NA	NA	CAGGACTACHVGGGTWTCTAAT	NA	NA	NA	NA	NA	NA	NA	NA	NA	control	NA	NA	NA	NA	NA	NA	NA	NA	NA	NA	NA	NA	NA	NA	NA	NA	NA	NA	NA	NA	NA	NSIP	NA
G3F11	TCACTCGACA	NA	NA	NA	NA	NA	4.0	1.7255613	gradient3	NA	NA	CAGGACTACHVGGGTWTCTAAT	NA	NA	NA	NA	NA	NA	NA	NA	NA	control	NA	NA	NA	NA	NA	NA	NA	NA	NA	NA	NA	NA	NA	NA	NA	NA	NA	NA	NA	NA	NA	NSIP	NA
G3F12	TCACGAGTAG	NA	NA	NA	NA	NA	4.0	1.7233758999999997	gradient3	NA	NA	CAGGACTACHVGGGTWTCTAAT	NA	NA	NA	NA	NA	NA	NA	NA	NA	control	NA	NA	NA	NA	NA	NA	NA	NA	NA	NA	NA	NA	NA	NA	NA	NA	NA	NA	NA	NA	NA	NSIP	NA
G3F13	TCACGATGCT	NA	NA	NA	NA	NA	4.0	1.7211904999999998	gradient3	NA	NA	CAGGACTACHVGGGTWTCTAAT	NA	NA	NA	NA	NA	NA	NA	NA	NA	control	NA	NA	NA	NA	NA	NA	NA	NA	NA	NA	NA	NA	NA	NA	NA	NA	NA	NA	NA	NA	NA	NSIP	NA
G3F14	TCACGACATC	NA	NA	NA	NA	NA	4.0	1.7135416	gradient3	NA	NA	CAGGACTACHVGGGTWTCTAAT	NA	NA	NA	NA	NA	NA	NA	NA	NA	control	NA	NA	NA	NA	NA	NA	NA	NA	NA	NA	NA	NA	NA	NA	NA	NA	NA	NA	NA	NA	NA	NSIP	NA
G3F15	TCACTGAGTC	NA	NA	NA	NA	NA	4.0	1.7080781000000003	gradient3	NA	NA	CAGGACTACHVGGGTWTCTAAT	NA	NA	NA	NA	NA	NA	NA	NA	NA	control	NA	NA	NA	NA	NA	NA	NA	NA	NA	NA	NA	NA	NA	NA	NA	NA	NA	NA	NA	NA	NA	NSIP	NA
G3F16	TCACGATGGA	NA	NA	NA	NA	NA	4.0	1.7015218999999997	gradient3	NA	NA	CAGGACTACHVGGGTWTCTAAT	NA	NA	NA	NA	NA	NA	NA	NA	NA	control	NA	NA	NA	NA	NA	NA	NA	NA	NA	NA	NA	NA	NA	NA	NA	NA	NA	NA	NA	NA	NA	NSIP	NA
G3F17	TCACGACTAC	NA	NA	NA	NA	NA	4.0	1.6971511000000001	gradient3	NA	NA	CAGGACTACHVGGGTWTCTAAT	NA	NA	NA	NA	NA	NA	NA	NA	NA	control	NA	NA	NA	NA	NA	NA	NA	NA	NA	NA	NA	NA	NA	NA	NA	NA	NA	NA	NA	NA	NA	NSIP	NA
G3F18	TCACGACTTG	NA	NA	NA	NA	NA	4.0	1.6927803	gradient3	NA	NA	CAGGACTACHVGGGTWTCTAAT	NA	NA	NA	NA	NA	NA	NA	NA	NA	control	NA	NA	NA	NA	NA	NA	NA	NA	NA	NA	NA	NA	NA	NA	NA	NA	NA	NA	NA	NA	NA	NSIP	NA
G3F20	TCACGAGTTC	NA	NA	NA	NA	NA	4.0	1.6840386999999999	gradient3	NA	NA	CAGGACTACHVGGGTWTCTAAT	NA	NA	NA	NA	NA	NA	NA	NA	NA	control	NA	NA	NA	NA	NA	NA	NA	NA	NA	NA	NA	NA	NA	NA	NA	NA	NA	NA	NA	NA	NA	NSIP	NA
G3F21	TCACTCGAGT	NA	NA	NA	NA	NA	4.0	1.6785752	gradient3	NA	NA	CAGGACTACHVGGGTWTCTAAT	NA	NA	NA	NA	NA	NA	NA	NA	NA	control	NA	NA	NA	NA	NA	NA	NA	NA	NA	NA	NA	NA	NA	NA	NA	NA	NA	NA	NA	NA	NA	NSIP	NA
G3F22	TCACGTGATC	NA	NA	NA	NA	NA	4.0	1.672019	gradient3	NA	NA	CAGGACTACHVGGGTWTCTAAT	NA	NA	NA	NA	NA	NA	NA	NA	NA	control	NA	NA	NA	NA	NA	NA	NA	NA	NA	NA	NA	NA	NA	NA	NA	NA	NA	NA	NA	NA	NA	NSIP	NA
G3F23	TCACGTGTAC	NA	NA	NA	NA	NA	4.0	1.6687409	gradient3	NA	NA	CAGGACTACHVGGGTWTCTAAT	NA	NA	NA	NA	NA	NA	NA	NA	NA	control	NA	NA	NA	NA	NA	NA	NA	NA	NA	NA	NA	NA	NA	NA	NA	NA	NA	NA	NA	NA	NA	NSIP	NA
G3F24	TCACTCAGAC	NA	NA	NA	NA	NA	4.0	1.6654628	gradient3	NA	NA	CAGGACTACHVGGGTWTCTAAT	NA	NA	NA	NA	NA	NA	NA	NA	NA	control	NA	NA	NA	NA	NA	NA	NA	NA	NA	NA	NA	NA	NA	NA	NA	NA	NA	NA	NA	NA	NA	NSIP	NA
G4F7	TCAGAGCTGA	NA	NA	NA	NA	NA	4.0	1.7659912	gradient4	NA	NA	CAGGACTACHVGGGTWTCTAAT	NA	NA	NA	NA	NA	NA	NA	NA	NA	label	NA	NA	NA	NA	NA	NA	NA	NA	NA	NA	NA	NA	NA	NA	NA	NA	NA	NA	NA	NA	NA	NSIP	NA
G4F8	TCAGACACAG	NA	NA	NA	NA	NA	4.0	1.7627131	gradient4	NA	NA	CAGGACTACHVGGGTWTCTAAT	NA	NA	NA	NA	NA	NA	NA	NA	NA	label	NA	NA	NA	NA	NA	NA	NA	NA	NA	NA	NA	NA	NA	NA	NA	NA	NA	NA	NA	NA	NA	NSIP	NA
G4F9	TCAGACTCTG	NA	NA	NA	NA	NA	4.0	1.7561569	gradient4	NA	NA	CAGGACTACHVGGGTWTCTAAT	NA	NA	NA	NA	NA	NA	NA	NA	NA	label	NA	NA	NA	NA	NA	NA	NA	NA	NA	NA	NA	NA	NA	NA	NA	NA	NA	NA	NA	NA	NA	NSIP	NA
G4F10	TCAGACTGAG	NA	NA	NA	NA	NA	4.0	1.7506933999999998	gradient4	NA	NA	CAGGACTACHVGGGTWTCTAAT	NA	NA	NA	NA	NA	NA	NA	NA	NA	label	NA	NA	NA	NA	NA	NA	NA	NA	NA	NA	NA	NA	NA	NA	NA	NA	NA	NA	NA	NA	NA	NSIP	NA
G4F11	TCAGAGGACT	NA	NA	NA	NA	NA	4.0	1.7485080000000002	gradient4	NA	NA	CAGGACTACHVGGGTWTCTAAT	NA	NA	NA	NA	NA	NA	NA	NA	NA	label	NA	NA	NA	NA	NA	NA	NA	NA	NA	NA	NA	NA	NA	NA	NA	NA	NA	NA	NA	NA	NA	NSIP	NA
G4F12	TCAGAGGAGA	NA	NA	NA	NA	NA	4.0	1.7397664000000002	gradient4	NA	NA	CAGGACTACHVGGGTWTCTAAT	NA	NA	NA	NA	NA	NA	NA	NA	NA	label	NA	NA	NA	NA	NA	NA	NA	NA	NA	NA	NA	NA	NA	NA	NA	NA	NA	NA	NA	NA	NA	NSIP	NA
G4F13	TCACTGCAGT	NA	NA	NA	NA	NA	4.0	1.737581	gradient4	NA	NA	CAGGACTACHVGGGTWTCTAAT	NA	NA	NA	NA	NA	NA	NA	NA	NA	label	NA	NA	NA	NA	NA	NA	NA	NA	NA	NA	NA	NA	NA	NA	NA	NA	NA	NA	NA	NA	NA	NSIP	NA
G4F14	TCACTGCTCT	NA	NA	NA	NA	NA	4.0	1.7343028999999999	gradient4	NA	NA	CAGGACTACHVGGGTWTCTAAT	NA	NA	NA	NA	NA	NA	NA	NA	NA	label	NA	NA	NA	NA	NA	NA	NA	NA	NA	NA	NA	NA	NA	NA	NA	NA	NA	NA	NA	NA	NA	NSIP	NA
G4F15	TCACTGCTGA	NA	NA	NA	NA	NA	4.0	1.7310248	gradient4	NA	NA	CAGGACTACHVGGGTWTCTAAT	NA	NA	NA	NA	NA	NA	NA	NA	NA	label	NA	NA	NA	NA	NA	NA	NA	NA	NA	NA	NA	NA	NA	NA	NA	NA	NA	NA	NA	NA	NA	NSIP	NA
G4F16	TCACTGACTG	NA	NA	NA	NA	NA	4.0	1.7266540000000001	gradient4	NA	NA	CAGGACTACHVGGGTWTCTAAT	NA	NA	NA	NA	NA	NA	NA	NA	NA	label	NA	NA	NA	NA	NA	NA	NA	NA	NA	NA	NA	NA	NA	NA	NA	NA	NA	NA	NA	NA	NA	NSIP	NA
G4F17	TCACTGGACT	NA	NA	NA	NA	NA	4.0	1.7222832	gradient4	NA	NA	CAGGACTACHVGGGTWTCTAAT	NA	NA	NA	NA	NA	NA	NA	NA	NA	label	NA	NA	NA	NA	NA	NA	NA	NA	NA	NA	NA	NA	NA	NA	NA	NA	NA	NA	NA	NA	NA	NSIP	NA
G4F18	TCAGAGGTCA	NA	NA	NA	NA	NA	4.0	1.7190051	gradient4	NA	NA	CAGGACTACHVGGGTWTCTAAT	NA	NA	NA	NA	NA	NA	NA	NA	NA	label	NA	NA	NA	NA	NA	NA	NA	NA	NA	NA	NA	NA	NA	NA	NA	NA	NA	NA	NA	NA	NA	NSIP	NA
G4F19	TCACTCCACT	NA	NA	NA	NA	NA	4.0	1.7146343000000002	gradient4	NA	NA	CAGGACTACHVGGGTWTCTAAT	NA	NA	NA	NA	NA	NA	NA	NA	NA	label	NA	NA	NA	NA	NA	NA	NA	NA	NA	NA	NA	NA	NA	NA	NA	NA	NA	NA	NA	NA	NA	NSIP	NA
G4F20	TCACGTTCGA	NA	NA	NA	NA	NA	4.0	1.7135416	gradient4	NA	NA	CAGGACTACHVGGGTWTCTAAT	NA	NA	NA	NA	NA	NA	NA	NA	NA	label	NA	NA	NA	NA	NA	NA	NA	NA	NA	NA	NA	NA	NA	NA	NA	NA	NA	NA	NA	NA	NA	NSIP	NA
G4F21	TCACGTAGGA	NA	NA	NA	NA	NA	4.0	1.7080781000000003	gradient4	NA	NA	CAGGACTACHVGGGTWTCTAAT	NA	NA	NA	NA	NA	NA	NA	NA	NA	label	NA	NA	NA	NA	NA	NA	NA	NA	NA	NA	NA	NA	NA	NA	NA	NA	NA	NA	NA	NA	NA	NSIP	NA
G4F22	TCACTGGAGA	NA	NA	NA	NA	NA	4.0	1.7037073	gradient4	NA	NA	CAGGACTACHVGGGTWTCTAAT	NA	NA	NA	NA	NA	NA	NA	NA	NA	label	NA	NA	NA	NA	NA	NA	NA	NA	NA	NA	NA	NA	NA	NA	NA	NA	NA	NA	NA	NA	NA	NSIP	NA
G4F23	TCACTCCAGA	NA	NA	NA	NA	NA	4.0	1.6993365000000002	gradient4	NA	NA	CAGGACTACHVGGGTWTCTAAT	NA	NA	NA	NA	NA	NA	NA	NA	NA	label	NA	NA	NA	NA	NA	NA	NA	NA	NA	NA	NA	NA	NA	NA	NA	NA	NA	NA	NA	NA	NA	NSIP	NA
G4F24	TCACGTTGCA	NA	NA	NA	NA	NA	4.0	1.6960583999999999	gradient4	NA	NA	CAGGACTACHVGGGTWTCTAAT	NA	NA	NA	NA	NA	NA	NA	NA	NA	label	NA	NA	NA	NA	NA	NA	NA	NA	NA	NA	NA	NA	NA	NA	NA	NA	NA	NA	NA	NA	NA	NSIP	NA
G4F25	TCAGAGGTGT	NA	NA	NA	NA	NA	4.0	1.6916876	gradient4	NA	NA	CAGGACTACHVGGGTWTCTAAT	NA	NA	NA	NA	NA	NA	NA	NA	NA	label	NA	NA	NA	NA	NA	NA	NA	NA	NA	NA	NA	NA	NA	NA	NA	NA	NA	NA	NA	NA	NA	NSIP	NA
G4F26	TCAGAGTCAG	NA	NA	NA	NA	NA	4.0	1.693873	gradient4	NA	NA	CAGGACTACHVGGGTWTCTAAT	NA	NA	NA	NA	NA	NA	NA	NA	NA	label	NA	NA	NA	NA	NA	NA	NA	NA	NA	NA	NA	NA	NA	NA	NA	NA	NA	NA	NA	NA	NA	NSIP	NA
G4F27	TCACTGGTCA	NA	NA	NA	NA	NA	4.0	1.6851314	gradient4	NA	NA	CAGGACTACHVGGGTWTCTAAT	NA	NA	NA	NA	NA	NA	NA	NA	NA	label	NA	NA	NA	NA	NA	NA	NA	NA	NA	NA	NA	NA	NA	NA	NA	NA	NA	NA	NA	NA	NA	NSIP	NA
G4F28	TCACTCTCAC	NA	NA	NA	NA	NA	4.0	1.6851314	gradient4	NA	NA	CAGGACTACHVGGGTWTCTAAT	NA	NA	NA	NA	NA	NA	NA	NA	NA	label	NA	NA	NA	NA	NA	NA	NA	NA	NA	NA	NA	NA	NA	NA	NA	NA	NA	NA	NA	NA	NA	NSIP	NA
G4F29	TCAGAGTCTC	NA	NA	NA	NA	NA	4.0	1.6763898000000002	gradient4	NA	NA	CAGGACTACHVGGGTWTCTAAT	NA	NA	NA	NA	NA	NA	NA	NA	NA	label	NA	NA	NA	NA	NA	NA	NA	NA	NA	NA	NA	NA	NA	NA	NA	NA	NA	NA	NA	NA	NA	NSIP	NA
G4F30	TCACTGGTGT	NA	NA	NA	NA	NA	4.0	1.672019	gradient4	NA	NA	CAGGACTACHVGGGTWTCTAAT	NA	NA	NA	NA	NA	NA	NA	NA	NA	label	NA	NA	NA	NA	NA	NA	NA	NA	NA	NA	NA	NA	NA	NA	NA	NA	NA	NA	NA	NA	NA	NSIP	NA
G4F31	TCAGAGTGAC	NA	NA	NA	NA	NA	4.0	1.6709262999999999	gradient4	NA	NA	CAGGACTACHVGGGTWTCTAAT	NA	NA	NA	NA	NA	NA	NA	NA	NA	label	NA	NA	NA	NA	NA	NA	NA	NA	NA	NA	NA	NA	NA	NA	NA	NA	NA	NA	NA	NA	NA	NSIP	NA
G4F32	TCACTGTCAG	NA	NA	NA	NA	NA	4.0	1.6632773999999997	gradient4	NA	NA	CAGGACTACHVGGGTWTCTAAT	NA	NA	NA	NA	NA	NA	NA	NA	NA	label	NA	NA	NA	NA	NA	NA	NA	NA	NA	NA	NA	NA	NA	NA	NA	NA	NA	NA	NA	NA	NA	NSIP	NA
4501995.3	NA	NA	NA	NA	NA	NA	NA	NA	soil	NA	NA	GGGGACTACVSGGGTATCTAAT	NA	NA	NA	NA	NA	NA	gtgtgccagcMgccgcggtaa	NA	NA	NA	Cold-winter (continental) deserts and semideserts	2011-10-14	10:00:00	UTC-7	north america	USA	below	0.002	1300.0	desert	38.4517842	Moab, Utah	-109.4517438	soil	mgs86545	7.7	Sterile spatula	0.5 g	Gypsum_below_S1_R1	NA	Gypsum	Steven et al. (2013)	28.0
4501996.3	NA	NA	NA	NA	NA	NA	NA	NA	soil	NA	NA	GGGGACTACVSGGGTATCTAAT	NA	NA	NA	NA	NA	NA	gtgtgccagcMgccgcggtaa	NA	NA	NA	Cold-winter (continental) deserts and semideserts	2011-10-14	10:00:00	UTC-7	north america	USA	below	0.002	1300.0	desert	38.4517842	Moab, Utah	-109.4517438	soil	mgs86548	7.7	Sterile spatula	0.5 g	Gypsum_below_S1_R2	NA	Gypsum	Steven et al. (2013)	28.0
4501997.3	NA	NA	NA	NA	NA	NA	NA	NA	soil	NA	NA	GGGGACTACVSGGGTATCTAAT	NA	NA	NA	NA	NA	NA	gtgtgccagcMgccgcggtaa	NA	NA	NA	Cold-winter (continental) deserts and semideserts	2011-10-14	10:00:00	UTC-7	north america	USA	below	0.002	1300.0	desert	38.4517842	Moab, Utah	-109.4517438	soil	mgs86551	7.7	Sterile spatula	0.5 g	Gypsum_below_S1_R3	NA	Gypsum	Steven et al. (2013)	28.0
4501998.3	NA	NA	NA	NA	NA	NA	NA	NA	soil	NA	NA	GGGGACTACVSGGGTATCTAAT	NA	NA	NA	NA	NA	NA	gtgtgccagcMgccgcggtaa	NA	NA	NA	Cold-winter (continental) deserts and semideserts	2011-10-14	10:00:00	UTC-7	north america	USA	below	0.002	1300.0	desert	38.4517842	Moab, Utah	-109.4517438	soil	mgs86554	7.7	Sterile spatula	0.5 g	Gypsum_below_S2_R1	NA	Gypsum	Steven et al. (2013)	28.0
4501999.3	NA	NA	NA	NA	NA	NA	NA	NA	soil	NA	NA	GGGGACTACVSGGGTATCTAAT	NA	NA	NA	NA	NA	NA	gtgtgccagcMgccgcggtaa	NA	NA	NA	Cold-winter (continental) deserts and semideserts	2011-10-14	10:00:00	UTC-7	north america	USA	below	0.002	1300.0	desert	38.4517842	Moab, Utah	-109.4517438	soil	mgs86557	7.7	Sterile spatula	0.5 g	Gypsum_below_S2_R2	NA	Gypsum	Steven et al. (2013)	28.0
4502000.3	NA	NA	NA	NA	NA	NA	NA	NA	soil	NA	NA	GGGGACTACVSGGGTATCTAAT	NA	NA	NA	NA	NA	NA	gtgtgccagcMgccgcggtaa	NA	NA	NA	Cold-winter (continental) deserts and semideserts	2011-10-14	10:00:00	UTC-7	north america	USA	below	0.002	1300.0	desert	38.4517842	Moab, Utah	-109.4517438	soil	mgs86560	7.7	Sterile spatula	0.5 g	Gypsum_below_S2_R3	NA	Gypsum	Steven et al. (2013)	28.0
4502001.3	NA	NA	NA	NA	NA	NA	NA	NA	soil	NA	NA	GGGGACTACVSGGGTATCTAAT	NA	NA	NA	NA	NA	NA	gtgtgccagcMgccgcggtaa	NA	NA	NA	Cold-winter (continental) deserts and semideserts	2011-10-14	10:00:00	UTC-7	north america	USA	below	0.002	1300.0	desert	38.4517842	Moab, Utah	-109.4517438	soil	mgs86563	7.7	Sterile spatula	0.5 g	Gypsum_below_S3_R1	NA	Gypsum	Steven et al. (2013)	28.0
4502002.3	NA	NA	NA	NA	NA	NA	NA	NA	soil	NA	NA	GGGGACTACVSGGGTATCTAAT	NA	NA	NA	NA	NA	NA	gtgtgccagcMgccgcggtaa	NA	NA	NA	Cold-winter (continental) deserts and semideserts	2011-10-14	10:00:00	UTC-7	north america	USA	below	0.002	1300.0	desert	38.4517842	Moab, Utah	-109.4517438	soil	mgs86566	7.7	Sterile spatula	0.5 g	Gypsum_below_S3_R2	NA	Gypsum	Steven et al. (2013)	28.0
4502003.3	NA	NA	NA	NA	NA	NA	NA	NA	soil	NA	NA	GGGGACTACVSGGGTATCTAAT	NA	NA	NA	NA	NA	NA	gtgtgccagcMgccgcggtaa	NA	NA	NA	Cold-winter (continental) deserts and semideserts	2011-10-14	10:00:00	UTC-7	north america	USA	crust	0.0	1300.0	desert	38.4517842	Moab, Utah	-109.4517438	soil	mgs86569	7.7	Sterile spatula	0.5 g	Gypsum_crust_S1_R1	NA	Gypsum	Steven et al. (2013)	28.0
4502004.3	NA	NA	NA	NA	NA	NA	NA	NA	soil	NA	NA	GGGGACTACVSGGGTATCTAAT	NA	NA	NA	NA	NA	NA	gtgtgccagcMgccgcggtaa	NA	NA	NA	Cold-winter (continental) deserts and semideserts	2011-10-14	10:00:00	UTC-7	north america	USA	crust	0.0	1300.0	desert	38.4517842	Moab, Utah	-109.4517438	soil	mgs86572	7.7	Sterile spatula	0.5 g	Gypsum_crust_S2_R3	NA	Gypsum	Steven et al. (2013)	28.0
4502005.3	NA	NA	NA	NA	NA	NA	NA	NA	soil	NA	NA	GGGGACTACVSGGGTATCTAAT	NA	NA	NA	NA	NA	NA	gtgtgccagcMgccgcggtaa	NA	NA	NA	Cold-winter (continental) deserts and semideserts	2011-10-14	10:00:00	UTC-7	north america	USA	crust	0.002	1300.0	desert	38.397206	Moab, Utah	-109.889567	soil	mgs86575	7.8	Sterile spatula	0.5 g	Gypsum_crust_S3_R3	NA	Gypsum	Steven et al. (2013)	28.0
4502006.3	NA	NA	NA	NA	NA	NA	NA	NA	soil	NA	NA	GGGGACTACVSGGGTATCTAAT	NA	NA	NA	NA	NA	NA	gtgtgccagcMgccgcggtaa	NA	NA	NA	Cold-winter (continental) deserts and semideserts	2011-10-14	10:00:00	UTC-7	north america	USA	below	0.002	1300.0	desert	38.397206	Moab, Utah	-109.889567	soil	mgs86578	7.8	Sterile spatula	0.5 g	Sand_below_S1_R2	NA	Sand	Steven et al. (2013)	28.0
4502007.3	NA	NA	NA	NA	NA	NA	NA	NA	soil	NA	NA	GGGGACTACVSGGGTATCTAAT	NA	NA	NA	NA	NA	NA	gtgtgccagcMgccgcggtaa	NA	NA	NA	Cold-winter (continental) deserts and semideserts	2011-10-14	10:00:00	UTC-7	north america	USA	below	0.002	1300.0	desert	38.397206	Moab, Utah	-109.889567	soil	mgs86581	7.8	Sterile spatula	0.5 g	Sand_below_S1_R3	NA	Sand	Steven et al. (2013)	28.0
4502008.3	NA	NA	NA	NA	NA	NA	NA	NA	soil	NA	NA	GGGGACTACVSGGGTATCTAAT	NA	NA	NA	NA	NA	NA	gtgtgccagcMgccgcggtaa	NA	NA	NA	Cold-winter (continental) deserts and semideserts	2011-10-14	10:00:00	UTC-7	north america	USA	below	0.002	1300.0	desert	38.397206	Moab, Utah	-109.889567	soil	mgs86584	7.8	Sterile spatula	0.5 g	Sand_below_S2_R1	NA	Sand	Steven et al. (2013)	28.0
4502009.3	NA	NA	NA	NA	NA	NA	NA	NA	soil	NA	NA	GGGGACTACVSGGGTATCTAAT	NA	NA	NA	NA	NA	NA	gtgtgccagcMgccgcggtaa	NA	NA	NA	Cold-winter (continental) deserts and semideserts	2011-10-14	10:00:00	UTC-7	north america	USA	below	0.002	1300.0	desert	38.397206	Moab, Utah	-109.889567	soil	mgs86587	7.8	Sterile spatula	0.5 g	Sand_below_S2_R2	NA	Sand	Steven et al. (2013)	28.0
4502010.3	NA	NA	NA	NA	NA	NA	NA	NA	soil	NA	NA	GGGGACTACVSGGGTATCTAAT	NA	NA	NA	NA	NA	NA	gtgtgccagcMgccgcggtaa	NA	NA	NA	Cold-winter (continental) deserts and semideserts	2011-10-14	10:00:00	UTC-7	north america	USA	below	0.002	1300.0	desert	38.397206	Moab, Utah	-109.889567	soil	mgs86590	7.8	Sterile spatula	0.5 g	Sand_below_S2_R3	NA	Sand	Steven et al. (2013)	28.0
4502011.3	NA	NA	NA	NA	NA	NA	NA	NA	soil	NA	NA	GGGGACTACVSGGGTATCTAAT	NA	NA	NA	NA	NA	NA	gtgtgccagcMgccgcggtaa	NA	NA	NA	Cold-winter (continental) deserts and semideserts	2011-10-14	10:00:00	UTC-7	north america	USA	below	0.002	1300.0	desert	38.397206	Moab, Utah	-109.889567	soil	mgs86593	7.8	Sterile spatula	0.5 g	Sand_below_S3_R1	NA	Sand	Steven et al. (2013)	28.0
4502012.3	NA	NA	NA	NA	NA	NA	NA	NA	soil	NA	NA	GGGGACTACVSGGGTATCTAAT	NA	NA	NA	NA	NA	NA	gtgtgccagcMgccgcggtaa	NA	NA	NA	Cold-winter (continental) deserts and semideserts	2011-10-14	10:00:00	UTC-7	north america	USA	below	0.002	1300.0	desert	38.397206	Moab, Utah	-109.889567	soil	mgs86596	7.8	Sterile spatula	0.5 g	Sand_below_S3_R2	NA	Sand	Steven et al. (2013)	28.0
4502013.3	NA	NA	NA	NA	NA	NA	NA	NA	soil	NA	NA	GGGGACTACVSGGGTATCTAAT	NA	NA	NA	NA	NA	NA	gtgtgccagcMgccgcggtaa	NA	NA	NA	Cold-winter (continental) deserts and semideserts	2011-10-14	10:00:00	UTC-7	north america	USA	below	0.0	1300.0	desert	38.397206	Moab, Utah	-109.889567	soil	mgs86599	7.8	Sterile spatula	0.5 g	Sand_below_S3_R3	NA	Sand	Steven et al. (2013)	28.0
4502014.3	NA	NA	NA	NA	NA	NA	NA	NA	soil	NA	NA	GGGGACTACVSGGGTATCTAAT	NA	NA	NA	NA	NA	NA	gtgtgccagcMgccgcggtaa	NA	NA	NA	Cold-winter (continental) deserts and semideserts	2011-10-14	10:00:00	UTC-7	north america	USA	crust	0.0	1300.0	desert	38.397206	Moab, Utah	-109.889567	soil	mgs86602	7.8	Sterile spatula	0.5 g	Sand_crust_S1_R1	NA	Sand	Steven et al. (2013)	28.0
4502015.3	NA	NA	NA	NA	NA	NA	NA	NA	soil	NA	NA	GGGGACTACVSGGGTATCTAAT	NA	NA	NA	NA	NA	NA	gtgtgccagcMgccgcggtaa	NA	NA	NA	Cold-winter (continental) deserts and semideserts	2011-10-14	10:00:00	UTC-7	north america	USA	crust	0.0	1300.0	desert	38.397206	Moab, Utah	-109.889567	soil	mgs86605	7.8	Sterile spatula	0.5 g	Sand_crust_S1_R2	NA	Sand	Steven et al. (2013)	28.0
4502016.3	NA	NA	NA	NA	NA	NA	NA	NA	soil	NA	NA	GGGGACTACVSGGGTATCTAAT	NA	NA	NA	NA	NA	NA	gtgtgccagcMgccgcggtaa	NA	NA	NA	Cold-winter (continental) deserts and semideserts	2011-10-14	10:00:00	UTC-7	north america	USA	crust	0.0	1300.0	desert	38.397206	Moab, Utah	-109.889567	soil	mgs86608	7.8	Sterile spatula	0.5 g	Sand_crust_S1_R3	NA	Sand	Steven et al. (2013)	28.0
4502017.3	NA	NA	NA	NA	NA	NA	NA	NA	soil	NA	NA	GGGGACTACVSGGGTATCTAAT	NA	NA	NA	NA	NA	NA	gtgtgccagcMgccgcggtaa	NA	NA	NA	Cold-winter (continental) deserts and semideserts	2011-10-14	10:00:00	UTC-7	north america	USA	crust	0.0	1300.0	desert	38.397206	Moab, Utah	-109.889567	soil	mgs86611	7.8	Sterile spatula	0.5 g	Sand_crust_S2_R1	NA	Sand	Steven et al. (2013)	28.0
4502018.3	NA	NA	NA	NA	NA	NA	NA	NA	soil	NA	NA	GGGGACTACVSGGGTATCTAAT	NA	NA	NA	NA	NA	NA	gtgtgccagcMgccgcggtaa	NA	NA	NA	Cold-winter (continental) deserts and semideserts	2011-10-14	10:00:00	UTC-7	north america	USA	crust	0.0	1300.0	desert	38.397206	Moab, Utah	-109.889567	soil	mgs86614	7.8	Sterile spatula	0.5 g	Sand_crust_S2_R2	NA	Sand	Steven et al. (2013)	28.0
4502019.3	NA	NA	NA	NA	NA	NA	NA	NA	soil	NA	NA	GGGGACTACVSGGGTATCTAAT	NA	NA	NA	NA	NA	NA	gtgtgccagcMgccgcggtaa	NA	NA	NA	Cold-winter (continental) deserts and semideserts	2011-10-14	10:00:00	UTC-7	north america	USA	crust	0.0	1300.0	desert	38.397206	Moab, Utah	-109.889567	soil	mgs86617	7.8	Sterile spatula	0.5 g	Sand_crust_S2_R3	NA	Sand	Steven et al. (2013)	28.0
4502020.3	NA	NA	NA	NA	NA	NA	NA	NA	soil	NA	NA	GGGGACTACVSGGGTATCTAAT	NA	NA	NA	NA	NA	NA	gtgtgccagcMgccgcggtaa	NA	NA	NA	Cold-winter (continental) deserts and semideserts	2011-10-14	10:00:00	UTC-7	north america	USA	crust	0.0	1300.0	desert	38.67485	Moab, Utah	-109.4517438	soil	mgs86620	7.8	Sterile spatula	0.5 g	Sand_crust_S3_R2	NA	Sand	Steven et al. (2013)	28.0
4502021.3	NA	NA	NA	NA	NA	NA	NA	NA	soil	NA	NA	GGGGACTACVSGGGTATCTAAT	NA	NA	NA	NA	NA	NA	gtgtgccagcMgccgcggtaa	NA	NA	NA	Cold-winter (continental) deserts and semideserts	2011-10-14	10:00:00	UTC-7	north america	USA	below	0.0	1310.0	desert	38.67485	Moab, Utah	-109.4517438	soil	mgs86623	7.8	Sterile spatula	0.5 g	Shale_below_S1_R1	NA	Shale	Steven et al. (2013)	28.0
4502022.3	NA	NA	NA	NA	NA	NA	NA	NA	soil	NA	NA	GGGGACTACVSGGGTATCTAAT	NA	NA	NA	NA	NA	NA	gtgtgccagcMgccgcggtaa	NA	NA	NA	Cold-winter (continental) deserts and semideserts	2011-10-14	10:00:00	UTC-7	north america	USA	below	0.0	1310.0	desert	38.67485	Moab, Utah	-109.4517438	soil	mgs86626	7.8	Sterile spatula	0.5 g	Shale_below_S1_R2	NA	Shale	Steven et al. (2013)	28.0
4502023.3	NA	NA	NA	NA	NA	NA	NA	NA	soil	NA	NA	GGGGACTACVSGGGTATCTAAT	NA	NA	NA	NA	NA	NA	gtgtgccagcMgccgcggtaa	NA	NA	NA	Cold-winter (continental) deserts and semideserts	2011-10-14	10:00:00	UTC-7	north america	USA	below	0.0	1310.0	desert	38.67485	Moab, Utah	-109.4517438	soil	mgs86629	7.8	Sterile spatula	0.5 g	Shale_below_S1_R3	NA	Shale	Steven et al. (2013)	28.0
4502024.3	NA	NA	NA	NA	NA	NA	NA	NA	soil	NA	NA	GGGGACTACVSGGGTATCTAAT	NA	NA	NA	NA	NA	NA	gtgtgccagcMgccgcggtaa	NA	NA	NA	Cold-winter (continental) deserts and semideserts	2011-10-14	10:00:00	UTC-7	north america	USA	below	0.0	1310.0	desert	38.67485	Moab, Utah	-109.4517438	soil	mgs86632	7.8	Sterile spatula	0.5 g	Shale_below_S2_R1	NA	Shale	Steven et al. (2013)	28.0
4502025.3	NA	NA	NA	NA	NA	NA	NA	NA	soil	NA	NA	GGGGACTACVSGGGTATCTAAT	NA	NA	NA	NA	NA	NA	gtgtgccagcMgccgcggtaa	NA	NA	NA	Cold-winter (continental) deserts and semideserts	2011-10-14	10:00:00	UTC-7	north america	USA	below	0.0	1310.0	desert	38.67485	Moab, Utah	-109.4517438	soil	mgs86635	7.8	Sterile spatula	0.5 g	Shale_below_S2_R2	NA	Shale	Steven et al. (2013)	28.0
4502026.3	NA	NA	NA	NA	NA	NA	NA	NA	soil	NA	NA	GGGGACTACVSGGGTATCTAAT	NA	NA	NA	NA	NA	NA	gtgtgccagcMgccgcggtaa	NA	NA	NA	Cold-winter (continental) deserts and semideserts	2011-10-14	10:00:00	UTC-7	north america	USA	below	0.0	1310.0	desert	38.67485	Moab, Utah	-109.4517438	soil	mgs86638	7.8	Sterile spatula	0.5 g	Shale_below_S2_R3	NA	Shale	Steven et al. (2013)	28.0
4502027.3	NA	NA	NA	NA	NA	NA	NA	NA	soil	NA	NA	GGGGACTACVSGGGTATCTAAT	NA	NA	NA	NA	NA	NA	gtgtgccagcMgccgcggtaa	NA	NA	NA	Cold-winter (continental) deserts and semideserts	2011-10-14	10:00:00	UTC-7	north america	USA	below	0.0	1310.0	desert	38.67485	Moab, Utah	-109.4517438	soil	mgs86641	7.8	Sterile spatula	0.5 g	Shale_below_S3_R1	NA	Shale	Steven et al. (2013)	28.0
4502028.3	NA	NA	NA	NA	NA	NA	NA	NA	soil	NA	NA	GGGGACTACVSGGGTATCTAAT	NA	NA	NA	NA	NA	NA	gtgtgccagcMgccgcggtaa	NA	NA	NA	Cold-winter (continental) deserts and semideserts	2011-10-14	10:00:00	UTC-7	north america	USA	below	0.0	1310.0	desert	38.67485	Moab, Utah	-109.4517438	soil	mgs86644	7.8	Sterile spatula	0.5 g	Shale_below_S3_R2	NA	Shale	Steven et al. (2013)	28.0
4502029.3	NA	NA	NA	NA	NA	NA	NA	NA	soil	NA	NA	GGGGACTACVSGGGTATCTAAT	NA	NA	NA	NA	NA	NA	gtgtgccagcMgccgcggtaa	NA	NA	NA	Cold-winter (continental) deserts and semideserts	2011-10-14	10:00:00	UTC-7	north america	USA	below	0.0	1310.0	desert	38.67485	Moab, Utah	-109.4517438	soil	mgs86647	7.8	Sterile spatula	0.5 g	Shale_below_S3_R3	NA	Shale	Steven et al. (2013)	28.0
4502030.3	NA	NA	NA	NA	NA	NA	NA	NA	soil	NA	NA	GGGGACTACVSGGGTATCTAAT	NA	NA	NA	NA	NA	NA	gtgtgccagcMgccgcggtaa	NA	NA	NA	Cold-winter (continental) deserts and semideserts	2011-10-14	10:00:00	UTC-7	north america	USA	crust	0.0	1310.0	desert	38.67485	Moab, Utah	-109.4517438	soil	mgs86650	7.8	Sterile spatula	0.5 g	Shale_crust_S1_R1	NA	Shale	Steven et al. (2013)	28.0
4502031.3	NA	NA	NA	NA	NA	NA	NA	NA	soil	NA	NA	GGGGACTACVSGGGTATCTAAT	NA	NA	NA	NA	NA	NA	gtgtgccagcMgccgcggtaa	NA	NA	NA	Cold-winter (continental) deserts and semideserts	2011-10-14	10:00:00	UTC-7	north america	USA	crust	0.0	1310.0	desert	38.67485	Moab, Utah	-109.4517438	soil	mgs86653	7.8	Sterile spatula	0.5 g	Shale_crust_S1_R2	NA	Shale	Steven et al. (2013)	28.0
4502032.3	NA	NA	NA	NA	NA	NA	NA	NA	soil	NA	NA	GGGGACTACVSGGGTATCTAAT	NA	NA	NA	NA	NA	NA	gtgtgccagcMgccgcggtaa	NA	NA	NA	Cold-winter (continental) deserts and semideserts	2011-10-14	10:00:00	UTC-7	north america	USA	crust	0.0	1310.0	desert	38.67485	Moab, Utah	-109.4517438	soil	mgs86656	7.8	Sterile spatula	0.5 g	Shale_crust_S1_R3	NA	Shale	Steven et al. (2013)	28.0
4502033.3	NA	NA	NA	NA	NA	NA	NA	NA	soil	NA	NA	GGGGACTACVSGGGTATCTAAT	NA	NA	NA	NA	NA	NA	gtgtgccagcMgccgcggtaa	NA	NA	NA	Cold-winter (continental) deserts and semideserts	2011-10-14	10:00:00	UTC-7	north america	USA	crust	0.0	1310.0	desert	38.67485	Moab, Utah	-109.4517438	soil	mgs86659	7.8	Sterile spatula	0.5 g	Shale_crust_S2_R1	NA	Shale	Steven et al. (2013)	28.0
4502034.3	NA	NA	NA	NA	NA	NA	NA	NA	soil	NA	NA	GGGGACTACVSGGGTATCTAAT	NA	NA	NA	NA	NA	NA	gtgtgccagcMgccgcggtaa	NA	NA	NA	Cold-winter (continental) deserts and semideserts	2011-10-14	10:00:00	UTC-7	north america	USA	crust	0.0	1310.0	desert	38.67485	Moab, Utah	-109.4517438	soil	mgs86662	7.8	Sterile spatula	0.5 g	Shale_crust_S2_R2	NA	Shale	Steven et al. (2013)	28.0
4502035.3	NA	NA	NA	NA	NA	NA	NA	NA	soil	NA	NA	GGGGACTACVSGGGTATCTAAT	NA	NA	NA	NA	NA	NA	gtgtgccagcMgccgcggtaa	NA	NA	NA	Cold-winter (continental) deserts and semideserts	2011-10-14	10:00:00	UTC-7	north america	USA	crust	0.0	1310.0	desert	38.67485	Moab, Utah	-109.4517438	soil	mgs86665	7.8	Sterile spatula	0.5 g	Shale_crust_S2_R3	NA	Shale	Steven et al. (2013)	28.0
4502036.3	NA	NA	NA	NA	NA	NA	NA	NA	soil	NA	NA	GGGGACTACVSGGGTATCTAAT	NA	NA	NA	NA	NA	NA	gtgtgccagcMgccgcggtaa	NA	NA	NA	Cold-winter (continental) deserts and semideserts	2011-10-14	10:00:00	UTC-7	north america	USA	crust	0.0	1310.0	desert	38.67485	Moab, Utah	-109.4517438	soil	mgs86668	NA	Sterile spatula	0.5 g	Shale_crust_S3_R3	NA	Shale	Steven et al. (2013)	28.0
site1	NA	light	Sonoran	9.0	13.0	2.0	NA	NA	NA	1505.0	0.0	NA	20.6	21.4	27.5	15.7	0.3	0.2	NA	46.0	Aridisols	NA	NA	NA	NA	NA	NA	NA	NA	NA	NA	NA	32.2	NA	-112.9	NA	NA	7.5	NA	NA	NA	1.0	NA	Garcia-Pichel et al. (2013)	NA
site2	NA	light	Colorado Plateau	6.0	8.0	1.0	NA	NA	NA	1405.0	0.0	NA	9.9	13.5	21.9	4.4	0.8	0.2	NA	80.0	Entisols	NA	NA	NA	NA	NA	NA	NA	NA	NA	NA	NA	38.6	NA	-109.5	NA	NA	7.5	NA	NA	NA	2.0	NA	Garcia-Pichel et al. (2013)	NA
site3	NA	light	Colorado Plateau	3.0	14.0	1.0	NA	NA	NA	1339.0	0.0	NA	9.9	13.5	21.9	4.4	0.8	0.2	NA	66.0	Aridisols	NA	NA	NA	NA	NA	NA	NA	NA	NA	NA	NA	38.7	NA	-109.7	NA	NA	8.0	NA	NA	NA	3.0	NA	Garcia-Pichel et al. (2013)	NA
site4	NA	dark	Colorado Plateau	0.0	5.0	0.0	NA	NA	NA	1480.0	0.0	NA	9.9	13.5	21.9	4.4	0.9	0.2	NA	90.0	Entisols	NA	NA	NA	NA	NA	NA	NA	NA	NA	NA	NA	38.6	NA	-109.6	NA	NA	7.4	NA	NA	NA	4.0	NA	Garcia-Pichel et al. (2013)	NA
site5	NA	dark	Colorado Plateau	3.0	4.0	0.0	NA	NA	NA	1514.0	0.0	NA	35.4	8.0	14.7	1.1	0.3	0.4	NA	90.0	Entisols	NA	NA	NA	NA	NA	NA	NA	NA	NA	NA	NA	38.2	NA	-109.7	NA	NA	7.6	NA	NA	NA	5.0	NA	Garcia-Pichel et al. (2013)	NA
site6	NA	dark	Colorado Plateau	2.0	19.0	1.0	NA	NA	NA	1837.0	0.0	NA	19.6	11.0	17.7	4.0	2.0	0.2	NA	42.0	Entisols	NA	NA	NA	NA	NA	NA	NA	NA	NA	NA	NA	35.0	NA	-107.5	NA	NA	7.4	NA	NA	NA	6.0	NA	Garcia-Pichel et al. (2013)	NA
site7	NA	light	Colorado Plateau	1.0	14.0	1.0	NA	NA	NA	2224.0	0.0	NA	19.6	11.0	17.7	4.0	0.7	0.2	NA	66.0	Allisols	NA	NA	NA	NA	NA	NA	NA	NA	NA	NA	NA	35.0	NA	-108.3	NA	NA	7.0	NA	NA	NA	7.0	NA	Garcia-Pichel et al. (2013)	NA
site8	NA	light	N. Great Basin	0.0	20.0	0.0	NA	NA	NA	5719.0	0.0	NA	14.7	9.1	15.2	2.8	1.5	0.2	NA	40.0	Aridisols	NA	NA	NA	NA	NA	NA	NA	NA	NA	NA	NA	42.1	NA	-119.7	NA	NA	6.8	NA	NA	NA	8.0	NA	Garcia-Pichel et al. (2013)	NA
site9	NA	dark	N. Great Basin	0.0	25.0	3.0	NA	NA	NA	4127.0	0.0	NA	35.9	8.4	13.8	2.8	1.5	0.3	NA	55.0	Aridisols	NA	NA	NA	NA	NA	NA	NA	NA	NA	NA	NA	42.5	NA	-118.5	NA	NA	7.1	NA	NA	NA	9.0	NA	Garcia-Pichel et al. (2013)	NA
site10	NA	dark	N. Great Basin	0.0	30.0	0.0	NA	NA	NA	4305.0	0.0	NA	14.7	9.1	15.2	2.8	1.5	0.2	NA	38.0	Aridisols	NA	NA	NA	NA	NA	NA	NA	NA	NA	NA	NA	42.1	NA	-119.6	NA	NA	8.0	NA	NA	NA	10.0	NA	Garcia-Pichel et al. (2013)	NA
site11	NA	Lichen	N. Great Basin	5.0	15.0	5.0	NA	NA	NA	4380.0	0.0	NA	14.7	9.1	15.2	2.8	0.3	0.2	NA	14.0	Entisols	NA	NA	NA	NA	NA	NA	NA	NA	NA	NA	NA	41.9	NA	-118.9	NA	NA	7.5	NA	NA	NA	11.0	NA	Garcia-Pichel et al. (2013)	NA
site12	NA	dark	N. Great Basin	0.0	23.0	0.0	NA	NA	NA	3124.0	0.0	NA	12.6	10.0	15.4	4.5	4.0	0.1	NA	40.0	Mollisols	NA	NA	NA	NA	NA	NA	NA	NA	NA	NA	NA	44.5	NA	-121.1	NA	NA	6.1	NA	NA	NA	12.0	NA	Garcia-Pichel et al. (2013)	NA
site13	NA	dark	Chihuahuan	5.0	10.0	1.0	NA	NA	NA	1612.0	0.0	NA	10.2	15.2	18.4	8.3	0.3	0.2	NA	67.0	Aridisols	NA	NA	NA	NA	NA	NA	NA	NA	NA	NA	NA	34.3	NA	-106.8	NA	NA	7.3	NA	NA	NA	13.0	NA	Garcia-Pichel et al. (2013)	NA
site14	NA	Lichen	Chihuahuan	10.0	10.0	1.0	NA	NA	NA	1595.0	10.0	NA	10.2	15.2	18.4	8.3	0.3	0.2	NA	80.0	Aridisols	NA	NA	NA	NA	NA	NA	NA	NA	NA	NA	NA	34.2	NA	-106.8	NA	NA	7.3	NA	NA	NA	14.0	NA	Garcia-Pichel et al. (2013)	NA
site15	NA	light	Sonoran	5.0	33.0	12.0	NA	NA	NA	353.0	0.0	NA	10.2	25.1	31.5	18.5	0.5	0.3	NA	35.0	Aridisols	NA	NA	NA	NA	NA	NA	NA	NA	NA	NA	NA	33.3	NA	-111.9	NA	NA	7.7	NA	NA	NA	15.0	NA	Garcia-Pichel et al. (2013)	NA
site16	NA	light	Sonoran	5.0	15.0	10.0	NA	NA	NA	109.0	5.0	NA	4.3	25.7	31.5	19.3	0.5	0.7	NA	70.0	Aridisols	NA	NA	NA	NA	NA	NA	NA	NA	NA	NA	NA	32.8	NA	-113.7	NA	NA	8.9	NA	NA	NA	16.0	NA	Garcia-Pichel et al. (2013)	NA
site17	NA	light	Chihuahuan	4.0	15.0	6.0	NA	NA	NA	259.0	1.0	NA	55.6	11.5	18.0	6.9	0.8	0.5	NA	65.0	Allisols	NA	NA	NA	NA	NA	NA	NA	NA	NA	NA	NA	32.1	NA	-109.9	NA	NA	7.8	NA	NA	NA	17.0	NA	Garcia-Pichel et al. (2013)	NA
site18	NA	dark	Chihuahuan	5.0	13.0	1.0	NA	NA	NA	1315.0	0.0	NA	31.0	18.9	24.5	13.0	0.3	0.6	NA	71.0	Aridisols	NA	NA	NA	NA	NA	NA	NA	NA	NA	NA	NA	32.5	NA	-106.7	NA	NA	7.7	NA	NA	NA	18.0	NA	Garcia-Pichel et al. (2013)	NA
site19	NA	light	Mojave	9.0	4.0	1.0	NA	NA	NA	159.0	0.0	NA	0.9	25.0	32.2	18.0	0.3	1.0	NA	79.0	Arida/Entisols	NA	NA	NA	NA	NA	NA	NA	NA	NA	NA	NA	34.1	NA	-114.2	NA	NA	7.7	NA	NA	NA	19.0	NA	Garcia-Pichel et al. (2013)	NA
site20	NA	light	Mojave	NA	NA	NA	NA	NA	NA	525.0	NA	NA	4.1	21.2	27.8	13.2	NA	0.6	NA	NA	NA	NA	NA	NA	NA	NA	NA	NA	NA	NA	NA	NA	35.6	NA	-117.4	NA	NA	8.1	NA	NA	NA	20.0	NA	Garcia-Pichel et al. (2013)	NA
site21	NA	light	Mojave	NA	NA	NA	NA	NA	NA	404.0	NA	NA	17.5	15.0	20.6	9.2	NA	0.3	NA	NA	NA	NA	NA	NA	NA	NA	NA	NA	NA	NA	NA	NA	35.3	NA	-116.0	NA	NA	8.1	NA	NA	NA	21.0	NA	Garcia-Pichel et al. (2013)	NA
site22	NA	dark	Mojave	NA	NA	NA	NA	NA	NA	900.0	NA	NA	17.5	15.0	20.6	9.2	NA	0.3	NA	NA	NA	NA	NA	NA	NA	NA	NA	NA	NA	NA	NA	NA	35.0	NA	-115.6	NA	NA	7.7	NA	NA	NA	22.0	NA	Garcia-Pichel et al. (2013)	NA
site23	NA	light	Sonoran	15.0	10.0	1.0	NA	NA	NA	377.0	0.0	NA	15.9	22.9	29.3	16.3	0.8	0.6	NA	66.0	Aridisols	NA	NA	NA	NA	NA	NA	NA	NA	NA	NA	NA	33.0	NA	-111.8	NA	NA	8.4	NA	NA	NA	23.0	NA	Garcia-Pichel et al. (2013)	NA
